Account,Node,Password,Balance
0x17e1e6B349119510a68289e2E70BfD0707Ce10ac,1,pass-10,100
0x04E443a702b4487F5f8c83B693F9c78cC7700C6A,1,pass-11,0
0xd3983d04452775de9dA93A689D79b5A988dF005b,1,pass-12,0
0x5def31537084b49caEEe9f858C4cCf305E17980D,1,pass-13,0
0xd426869C370c6A92f5dF7D572d2a1B6aAC574103,1,pass-14,0
0xC1F4A21E2c32C77cdFDBa4E4440F35f4F5B62036,2,pass-20,155.000021
0x3543d53a75a3F717Bb66Cb3d28D89bDA57f8c242,2,pass-21,0
0x441Cc9eD865D513C5f5A1775DA3e6509451Aaa71,2,pass-22,0
0x8867b84b7c29f2e7842EfA6E5542f0437562f30a,2,pass-23,0
0x3bDB9Ed048899fF32616E9f4d9542eB4B13ba897,2,pass-24,0
0x59cd848667337bC0bB3a8c8a844158d2ee768c2B,3,pass-30,125.000021
0x1881d402F47CB530E1C7123b649De714a633134C,3,pass-31,0
0x8d7436A6586F07F94186D23B1A3E3C64c1496EA9,3,pass-32,0
0xD489ba7a1ACC9165975346975Ded52DA77649F0e,3,pass-33,0
0x9A92a15Eb1C5CCB0efa2d9cB0900c6378DD91d6e,3,pass-34,0
0x1838d24d701E5Ad7650d62A0c7Ab5ce96D212874,4,pass-40,125.000021
0x8cb90fd5B44F0FEf4D2462DdE2402e4f4A70abE5,4,pass-41,0
0x18773B79a41790846e0c2cf819060A74B779Fae1,4,pass-42,0
0x40Bd8B1323A3D2C5c8aD0474fCe3c198422Fd43d,4,pass-43,0
0xE6f530306CC2B5F98cD18c121B79f41c983f3807,4,pass-44,0
0xB39Ef495cCC6974AB751d58d5Dd0648c4f15484A,5,pass-50,90.000021
0xb47382B3EAd2013f73EEb9aD066FfA7c23D392d0,5,pass-51,0
0x378c3d72cf9d315e428D64a95229517f68ede93f,5,pass-52,0
0x229ea1898667Af593973960657DE4204E058062a,5,pass-53,0
0x29072F214cb636B57d5D6C7Aa770694fc9cba88A,5,pass-54,0
